id,fullname,job,gender,city,salary,birthday
1,Rochell Tour,Musician,Female,Berlin,11329,1977/02/25
2,Tadio Wellard,Film Maker,Male,Havana,2255,1998/04/03
3,Denyse Tomasutti,Taxi Driver,Female,Jakarta,12243,1995/01/29
4,Barnabas Sweetlove,Nurse,Male,Montevideo,10593,1956/07/04
5,Faunie Janicek,Film Maker,Female,Zagreb,11368,1998/01/04
6,Kaine Sapsforde,Project Manager,Male,Tokyo,11984,1981/05/24
7,Siegfried Denekamp,Accountant,Male,London,2266,1947/02/10
8,Rosene Barclay,Photographer,Female,Mexico City,4464,1959/08/30
9,Lyndsie Cud,Pole Dancer,Female,Hanoi,15211,1962/01/16
10,Aarika Dollimore,Developer,Female,Washington DC,9162,1998/07/20
11,Egor Fratczak,Film Maker,Male,Budapest,17919,1998/06/23
12,Ogdan Bockh,Personal Trainer,Male,Berlin,19945,1994/04/21
13,Trumann Silkstone,Film Maker,Male,Havana,6663,1957/04/25
14,Skelly Meech,Nurse,Male,Buenos Aires,13437,1971/04/12
15,Fannie Cattlow,Film Maker,Female,Zagreb,274,1996/12/14
16,Raoul Dabernott,Soldier,Male,Copenhagen,14735,1998/04/19
17,Davon Baddiley,Bartender,Male,Mexico City,13414,1963/07/29
18,Consuelo Coen,Teacher,Female,Zagreb,7967,1982/03/30
19,Fernande Kezourec,Teacher,Female,Paris,5258,1989/11/12
20,Hillery Zoanetti,Teacher,Male,Havana,10890,1954/10/12